<?xml version="1.0" encoding="UTF-8"?>
<configuration xmlns:xsi="http://www.w3.org/2001/XMLSchema-instance" xsi:noNamespaceSchemaLocation="https://raw.github.com/nathansgreen/logback-XSD/master/src/main/xsd/logback.xsd">
	
	<appender name="STDOUT" class="ch.qos.logback.core.ConsoleAppender"> 
	    <encoder>
	      <pattern>[%d{yyyy-MM-dd HH:mm:ss.SSS}][%thread][%-5level][%logger{0}] %msg%n</pattern>
	    </encoder>
	</appender>
 
    <logger name="org.springframework" level="INFO" />
 
 	<logger name="com.stunstun" level="INFO" />
 	
 	<logger name="org.springframework.beans.factory.support.DefaultListableBeanFactory" level="ERROR"/>
 
    <root level="DEBUG">
        <appender-ref ref="STDOUT" />
    </root>
    
</configuration>