<!DOCTYPE mapper PUBLIC "-//mybatis.org//DTD Mapper 3.0//EN" "http://mybatis.org/dtd/mybatis-3-mapper.dtd">
<mapper namespace="com.operation.dao.UserDao">

     <select id="readUser" parameterType="String" resultType="UserDetailsModel">
          SELECT * FROM user WHERE username = #{username}
     </select>
     
     <select id="readUserFromSeq" parameterType="Integer" resultType="UserDetailsModel">
          SELECT * FROM user WHERE user_seq = #{userseq}
     </select>
     
     <select id="readAuthority" parameterType="String" resultType="UserDetailsModel">
          SELECT authority_name FROM authority WHERE username = #{username}
     </select>
     
     <select id="readAuthorityFromSeq" parameterType="Integer" resultType="UserDetailsModel">
          SELECT authority_name FROM authority WHERE user_seq = #{userseq}
     </select>
     
     <insert id="createUser">
          INSERT INTO user (username, password, name, isAccountNonExpired, isAccountNonLocked, isCredentialsNonExpired, isEnabled)
                    VALUES (#{username}, #{password}, #{name}, #{isAccountNonExpired}, #{isAccountNonLocked}, #{isCredentialsNonExpired}, #{isEnabled})
     	<selectKey keyProperty="user_seq" resultType="Integer" order="AFTER">
			SELECT LAST_INSERT_ID()
		</selectKey>
     </insert>
     
     <insert id="createAuthority">
          INSERT INTO authority (user_seq, username, authority_name)
                    VALUES
                         <foreach item="authority" index="index" collection="authority_list" separator=",">
                              (#{user_seq}, #{username}, #{authority})
                         </foreach>
     </insert>
     
     <delete id="deleteUser">
          DELETE FROM user WHERE username = #{username}
     </delete>
     
     <delete id="deleteAuthority">
          DELETE FROM authority WHERE username = #{username}
     </delete>
     
     <select id="readUserNormalLogin" resultType="UserDetailsModel">
     	SELECT * FROM user WHERE username = #{username} AND password = #{password}
     </select>
     
     <select id="checkRefreshToken" resultType="UserDetailsModel">
     	SELECT * FROM user_token a inner join user b
     		on a.user_seq = b.user_seq 
     		WHERE a.user_seq = #{user_seq} AND a.refresh_token = #{refresh_token} AND
     		expired_date > now()
     </select>
     
     <update id="saveRefreshToken">
     	INSERT INTO user_token 
     		(user_seq, refresh_token, reg_date, expired_date)
     		VALUES
     		(#{user_seq}, #{refresh_token}, now(), date_add(now(), interval #{refresh_token_expired} day))
     	ON DUPLICATE KEY UPDATE
     		refresh_token = #{refresh_token},
     		reg_date = now(),
     		expired_date = date_add(now(), interval #{refresh_token_expired} day)
     </update>
     
     
     
     
     
     
     
     <select id="getUserInfo" resultType="UserModel">
     	SELECT * FROM user WHERE user_seq = #{userseq}
     </select>
</mapper>